,BASELINE_ANGLE,TOP_MARGIN,LETTER_SIZE,LINE_SPACING,WORD_SPACING,SLANT_ANGLE,IMAGE_NAME
0,0,1,0,0,1,1,a01-000u.png
1,2,0,1,0,2,6,a01-000x.png
2,2,0,1,0,2,6,a01-003.png
3,2,1,2,1,1,1,a01-003u.png
4,1,1,0,1,2,6,a01-003x.png
5,2,0,1,0,0,1,a01-007.png
6,0,1,0,2,1,1,a01-007u.png
7,0,1,0,2,2,6,a01-007x.png
8,2,1,2,2,1,6,a01-011.png
9,1,1,2,2,1,1,a01-011u.png
10,0,1,0,1,0,6,a01-011x.png
11,2,0,2,1,1,1,a01-014.png
12,2,1,2,2,1,1,a01-014u.png
13,0,0,1,2,2,6,a01-014x.png
14,2,0,1,2,2,6,a01-020.png
15,2,0,1,2,2,1,a01-020u.png
16,0,1,0,2,2,6,a01-020x.png
17,1,0,2,2,2,6,a01-026.png
18,1,1,0,1,0,1,a01-026u.png
19,0,0,1,1,2,6,a01-026x.png
20,2,1,2,2,1,6,a01-030.png
21,2,1,0,2,2,1,a01-030u.png
22,2,0,2,2,1,6,a01-030x.png
23,0,1,0,1,2,6,a01-038.png
24,1,1,0,1,2,6,a01-038x.png
25,2,1,0,1,1,6,a01-043.png
26,1,0,1,2,2,1,a01-043u.png
27,0,1,2,1,1,6,a01-043x.png
28,2,1,0,1,2,6,a01-049.png
29,1,1,0,1,2,1,a01-049u.png
30,1,0,2,2,1,6,a01-049x.png
31,1,1,0,1,1,6,a01-053.png
32,0,1,0,2,1,1,a01-053u.png
33,2,0,1,1,2,6,a01-053x.png
34,2,1,0,1,1,6,a01-058.png
35,1,1,2,2,1,1,a01-058u.png
36,0,1,0,1,2,6,a01-058x.png
37,0,1,0,1,1,6,a01-063.png
38,2,0,1,0,2,1,a01-063u.png
39,1,1,2,1,1,6,a01-063x.png
40,0,1,2,2,1,1,a01-068u.png
41,0,0,2,0,2,1,a01-072u.png
42,2,0,1,0,2,6,a01-072x.png
43,2,0,2,1,1,6,a01-077.png
44,2,0,1,0,2,1,a01-077u.png
45,2,1,2,2,1,1,a01-082u.png
46,1,0,2,2,1,6,a01-087.png
47,0,1,2,2,1,1,a01-087u.png
48,1,0,2,1,2,6,a01-091.png
49,2,0,2,0,2,1,a01-091u.png
50,1,1,2,2,1,1,a01-096u.png
51,0,1,0,1,2,6,a01-102.png
52,1,0,2,2,2,1,a01-102u.png
53,2,0,2,2,2,6,a01-107.png
54,2,0,1,2,2,1,a01-107u.png
55,1,1,0,2,1,6,a01-113.png
56,2,1,2,2,1,6,a01-113u.png
57,0,1,0,1,2,1,a01-117.png
58,2,1,2,2,1,1,a01-117u.png
59,2,1,0,2,2,6,a01-122.png
60,2,0,1,2,1,1,a01-122u.png
61,0,1,0,1,0,6,a01-128.png
62,1,1,0,2,0,1,a01-128u.png
63,2,0,2,2,2,6,a01-132.png
64,2,1,2,2,1,6,a01-132u.png
65,0,0,1,2,2,6,a01-132x.png
66,0,0,2,2,1,6,a02-000.png
67,2,1,2,1,1,6,a02-004.png
68,1,0,1,0,2,6,a02-008.png
69,0,0,2,1,2,6,a02-012.png
70,1,1,2,2,1,0,a02-017.png
71,1,1,2,0,1,0,a02-020.png
72,0,0,2,0,2,0,a02-024.png
73,1,1,2,2,0,0,a02-027.png
74,1,1,2,2,0,0,a02-032.png
75,1,1,0,1,0,0,a02-037.png
76,1,0,2,2,2,0,a02-042.png
77,0,0,2,2,2,6,a02-046.png
78,2,0,2,0,1,6,a02-050.png
79,0,1,2,2,1,6,a02-053.png
80,0,1,2,2,1,6,a02-057.png
81,2,0,2,2,2,6,a02-062.png
82,0,1,2,2,1,6,a02-067.png
83,0,1,0,2,0,1,a02-072.png
84,0,0,1,0,0,1,a02-078.png
85,2,0,2,0,1,6,a02-082.png
86,2,1,2,2,1,6,a02-086.png
87,0,0,2,0,1,0,a02-090.png
88,1,1,2,2,1,0,a02-093.png
89,0,0,1,2,2,0,a02-098.png
90,2,1,2,2,0,0,a02-102.png
91,1,0,2,1,2,0,a02-106.png
92,2,0,2,1,2,0,a02-111.png
93,1,0,2,2,2,6,a02-116.png
94,0,1,0,1,1,6,a02-120.png
95,0,0,1,0,0,0,a02-124.png
96,1,1,0,2,2,6,a03-006.png
97,1,1,0,2,0,6,a03-009.png
98,0,1,2,2,1,6,a03-011.png
99,2,1,0,1,2,6,a03-014.png
100,1,0,2,2,2,6,a03-017.png
101,2,1,0,1,1,6,a03-020.png
102,2,1,2,2,1,1,a03-023.png
103,2,0,2,1,2,1,a03-027.png
104,1,0,2,0,1,6,a03-030.png
105,0,1,2,2,1,6,a03-034.png
106,0,0,1,2,2,6,a03-037.png
107,2,0,2,2,1,1,a03-040.png
108,0,1,0,2,2,6,a03-043.png
109,2,0,2,2,1,0,a03-047.png
110,0,1,2,0,0,0,a03-050.png
111,2,1,0,1,1,6,a03-054.png
112,2,1,0,1,0,1,a03-059.png
113,0,1,0,1,0,6,a03-063.png
114,2,0,1,2,2,1,a03-066.png
115,1,0,1,0,2,0,a03-071.png
116,0,0,1,2,2,0,a03-073.png
117,1,0,1,2,2,0,a03-080.png
118,0,0,1,0,2,0,a03-089.png
119,0,1,2,0,1,6,a04-000.png
120,0,1,0,2,0,6,a04-003.png
121,2,1,0,1,1,6,a04-006.png
122,0,1,0,1,0,6,a04-010.png
123,0,0,2,2,2,6,a04-015.png
124,1,1,2,2,1,6,a04-019.png
125,1,1,0,2,2,6,a04-023.png
126,0,1,0,2,0,6,a04-027.png
127,2,0,2,2,2,6,a04-031.png
128,0,0,1,2,2,6,a04-035.png
129,2,1,2,2,1,6,a04-039.png
130,0,0,1,0,2,6,a04-043.png
131,2,1,0,1,2,6,a04-047.png
132,2,1,0,2,0,6,a04-050.png
133,2,1,0,2,0,6,a04-054.png
134,2,0,2,1,2,6,a04-059.png
135,2,0,2,2,1,6,a04-066.png
136,0,1,2,2,1,6,a04-069.png
137,1,0,2,1,1,6,a04-072.png
138,0,1,2,2,1,6,a04-081.png
139,0,1,2,1,1,6,a04-085.png
140,2,1,2,1,1,6,a04-089.png
141,0,0,2,1,2,6,a04-092.png
142,0,1,2,2,1,6,a04-096.png
143,1,0,2,1,2,6,a04-099.png
144,1,0,1,2,2,1,a04-103.png
145,0,0,1,0,2,0,a05-000.png
146,0,0,2,2,2,6,a05-004.png
147,0,0,1,0,2,6,a05-009.png
148,0,0,2,0,0,0,a05-013.png
149,1,0,1,2,0,0,a05-017.png
150,1,0,1,0,0,0,a05-022.png
151,1,0,1,0,0,0,a05-025.png
152,1,0,1,0,0,0,a05-029.png
153,0,0,2,2,2,0,a05-039.png
154,0,1,2,2,1,0,a05-044.png
155,0,0,2,2,0,0,a05-048.png
156,2,0,1,2,0,0,a05-053.png
157,1,0,1,0,0,0,a05-058.png
158,1,0,2,0,2,0,a05-062.png
159,0,0,1,0,2,0,a05-069.png
160,0,1,2,2,0,0,a05-073.png
161,2,1,2,2,1,0,a05-080.png
162,2,0,1,0,2,0,a05-084.png
163,2,1,2,2,0,0,a05-089.png
164,1,1,2,2,1,0,a05-094.png
165,1,0,2,2,0,0,a05-099.png
166,0,0,1,0,2,0,a05-104.png
167,1,1,2,0,1,0,a05-108.png
168,1,0,1,2,2,0,a05-113.png
169,1,0,1,2,2,0,a05-116.png
170,1,0,2,2,2,0,a05-121.png
171,1,0,1,0,2,0,a05-125.png
172,2,0,1,0,2,6,a06-000.png
173,2,0,1,0,0,6,a06-004.png
174,0,1,2,2,1,6,a06-008.png
175,1,1,0,2,2,6,a06-014.png
176,2,0,2,0,2,6,a06-020.png
177,0,1,2,0,1,6,a06-025.png
178,2,1,0,1,2,6,a06-036.png
179,2,0,1,2,2,6,a06-039.png
180,0,1,0,2,0,6,a06-044.png
181,0,1,0,1,2,6,a06-051.png
182,0,0,2,0,2,6,a06-057.png
183,0,0,1,2,2,6,a06-064.png
184,0,0,1,2,1,6,a06-070.png
185,2,1,0,2,2,6,a06-075.png
186,1,0,1,2,2,6,a06-090.png
187,0,1,0,1,2,6,a06-095.png
188,2,1,2,2,1,6,a06-100.png
189,0,1,0,2,0,6,a06-110.png
190,0,0,2,2,1,6,a06-114.png
191,2,1,0,2,1,6,a06-119.png
192,0,0,1,0,2,6,a06-124.png
193,0,1,2,1,1,6,a06-128.png
194,0,0,1,0,2,6,a06-134.png
195,0,0,1,0,2,6,a06-141.png
196,2,0,2,0,2,6,a06-147.png
197,0,1,2,2,1,6,a06-152.png
198,2,0,1,0,2,6,a06-157.png
199,0,0,1,0,1,1,b01-000.png
200,2,0,2,0,2,1,b01-004.png
201,0,1,2,0,0,1,b01-009.png
202,0,1,2,2,0,1,b01-014.png
203,0,0,2,2,2,1,b01-018.png
204,0,0,1,0,2,1,b01-023.png
205,1,1,0,2,0,1,b01-027.png
206,0,0,2,0,2,1,b01-033.png
207,1,0,2,1,1,1,b01-038.png
208,0,0,2,0,2,1,b01-044.png
209,2,0,1,0,0,1,b01-049.png
210,1,0,2,2,2,1,b01-053.png
211,2,1,0,1,2,1,b01-057.png
212,1,1,0,1,2,1,b01-062.png
213,1,0,1,0,2,1,b01-073.png
214,2,0,2,2,0,1,b01-079.png
215,0,1,0,2,0,1,b01-084.png
216,0,1,0,2,0,1,b01-089.png
217,1,1,0,2,0,1,b01-094.png
218,0,1,0,2,2,1,b01-113.png
219,0,1,0,2,2,1,b01-118.png
220,2,1,0,2,2,1,b01-122.png
221,2,1,2,2,0,1,b01-127.png
222,2,1,2,2,0,1,b01-132.png
223,1,1,2,2,0,1,b01-136.png
224,2,0,1,2,0,1,b02-013.png
225,2,0,2,2,0,1,b02-035.png
226,0,1,2,2,0,1,b02-045.png
227,0,1,2,2,1,1,b02-097.png
228,2,0,1,0,1,1,b02-102.png
229,1,0,1,0,2,1,b02-105.png
230,0,1,2,0,0,1,b03-025.png
231,1,1,2,0,0,1,b03-087.png
232,0,1,2,0,0,1,b03-092.png
233,2,0,2,2,2,1,b03-098.png
234,1,1,2,1,0,1,b03-104.png
235,0,1,0,1,2,1,b03-109.png
236,0,1,2,2,0,1,b03-114.png
237,2,0,1,0,2,1,b04-000.png
238,2,0,1,2,2,1,b04-004.png
239,2,0,1,2,2,1,b04-010.png
240,2,0,1,2,2,1,b04-020.png
241,0,0,2,0,2,1,b04-026.png
242,2,0,1,0,2,1,b04-034.png
243,0,0,1,0,2,1,b04-040.png
244,2,0,2,0,0,1,b04-047.png
245,0,1,2,0,0,1,b04-054.png
246,0,1,2,2,0,1,b04-060.png
247,2,0,2,2,2,1,b04-066.png
248,0,0,1,0,2,1,b04-075.png
249,0,1,2,2,0,1,b04-081.png
250,0,0,2,1,2,1,b04-089.png
251,0,1,2,2,0,1,b04-096.png
252,0,0,1,2,0,1,b04-103.png
253,2,0,1,2,2,1,b04-107.png
254,0,0,2,2,2,1,b04-116.png
255,2,0,1,0,2,1,b04-121.png
256,0,0,1,0,2,1,b04-128.png
257,0,1,2,1,0,1,b04-134.png
258,0,1,0,1,2,1,b04-140.png
259,2,1,2,2,0,1,b04-147.png
260,0,1,2,2,0,1,b04-154.png
261,1,1,2,2,0,1,b04-162.png
262,0,1,0,2,2,1,b04-169.png
263,1,1,0,1,1,1,b04-175.png
264,0,0,2,0,2,1,b04-181.png
265,0,1,2,2,0,1,b04-187.png
266,2,0,1,2,2,1,b04-195.png
267,0,0,1,2,2,1,b04-202.png
268,1,1,0,0,0,1,b04-208.png
269,2,1,0,0,0,1,b05-017.png
270,0,1,0,1,2,1,b05-032.png
271,2,1,0,2,2,1,b05-038.png
272,0,1,2,1,2,1,b05-042.png
273,0,1,0,1,0,1,b05-045.png
274,0,1,2,2,0,1,b05-050.png
275,2,1,0,0,1,1,b05-055.png
276,0,1,0,2,2,1,b05-058.png
277,2,1,2,0,0,1,b05-062.png
278,2,0,1,2,1,1,b05-067.png
279,2,1,0,0,1,1,b05-071.png
280,0,0,2,2,2,1,b05-074.png
281,0,1,2,1,0,1,b05-079.png
282,1,1,0,1,2,1,b05-083.png
283,2,1,0,1,2,1,b05-088.png
284,0,1,2,1,0,1,b05-098.png
285,2,0,2,0,2,1,b06-000.png
286,2,1,2,2,0,1,b06-004.png
287,2,1,2,1,0,1,b06-008.png
288,0,1,2,0,0,1,b06-012.png
289,0,1,2,1,1,1,b06-015.png
290,1,1,0,1,1,1,b06-019.png
291,2,0,2,2,2,1,b06-023.png
292,2,1,0,1,2,1,b06-027.png
293,1,1,0,2,2,1,b06-032.png
294,2,1,2,1,0,0,b06-036.png
295,2,0,2,2,2,1,b06-042.png
296,2,1,2,1,0,1,b06-045.png
297,2,1,2,1,0,1,b06-049.png
298,2,0,2,2,2,1,b06-053.png
299,0,1,2,1,0,1,b06-056.png
300,2,0,2,0,2,1,b06-059.png
301,0,0,1,2,2,1,b06-064.png
302,0,0,1,2,1,1,b06-068.png
303,2,1,0,1,2,1,b06-071.png
304,2,1,0,1,0,1,b06-075.png
305,2,1,2,1,0,1,b06-079.png
306,1,1,0,1,1,1,b06-082.png
307,0,0,2,2,2,1,b06-087.png
308,2,0,1,2,2,1,b06-090.png
309,2,1,0,1,2,1,b06-093.png
310,0,0,1,0,2,1,b06-097.png
311,1,1,2,2,0,1,b06-100.png
312,1,1,0,2,2,1,b06-110.png
313,0,1,2,1,1,6,c01-009.png
314,1,1,0,1,1,6,c01-014.png
315,1,1,0,2,1,1,c01-066.png
316,0,1,2,1,1,6,c02-000.png
317,2,0,1,0,2,6,c02-003.png
318,0,0,1,2,2,1,c02-007.png
319,0,0,1,2,0,1,c02-012.png
320,0,0,1,1,2,1,c02-017.png
321,2,0,1,2,2,1,c02-022.png
322,0,0,2,1,1,6,c02-026.png
323,0,1,0,1,2,1,c02-030.png
324,2,1,2,0,1,1,c02-035.png
325,2,1,0,1,1,1,c02-049.png
326,2,1,0,1,0,1,c02-056.png
327,0,0,2,2,1,6,c02-059.png
328,0,0,2,2,0,6,c02-078.png
329,2,1,2,1,1,6,c02-082.png
330,2,0,1,0,2,1,c02-089.png
331,2,1,0,2,2,1,c03-000a.png
332,0,1,0,2,1,6,c03-000b.png
333,0,0,2,2,1,1,c03-000c.png
334,2,1,0,2,1,1,c03-000d.png
335,2,1,0,1,2,1,c03-000e.png
336,2,0,2,1,2,1,c03-000f.png
337,2,0,2,1,1,1,c03-003a.png
338,2,1,0,2,2,6,c03-003b.png
339,1,1,2,2,1,6,c03-003c.png
340,2,0,1,2,2,6,c03-003d.png
341,2,1,0,1,2,1,c03-003e.png
342,2,0,1,1,2,1,c03-003f.png
343,0,1,0,2,0,6,c03-007.png
344,0,0,2,2,2,1,c03-007a.png
345,0,0,2,2,2,1,c03-007b.png
346,1,0,1,0,2,1,c03-007c.png
347,0,0,2,2,1,6,c03-007d.png
348,2,0,2,1,1,1,c03-007e.png
349,2,0,1,2,2,6,c03-007f.png
350,0,0,2,1,2,1,c03-016a.png
351,1,1,2,1,1,1,c03-016b.png
352,0,1,2,1,1,1,c03-016c.png
353,0,0,1,1,1,1,c03-016d.png
354,2,1,0,1,2,1,c03-016e.png
355,2,0,2,1,1,1,c03-021a.png
356,2,1,0,1,1,6,c03-021b.png
357,1,0,1,2,1,1,c03-021c.png
358,1,1,2,2,1,6,c03-021d.png
359,0,1,0,1,2,1,c03-021e.png
360,0,0,2,1,2,1,c03-021f.png
361,0,0,2,2,2,1,c03-081a.png
362,2,1,0,1,2,1,c03-081b.png
363,0,0,2,2,2,1,c03-081c.png
364,2,1,0,1,1,1,c03-081d.png
365,0,0,2,1,2,1,c03-081e.png
366,2,0,2,1,1,1,c03-081f.png
367,0,1,2,2,1,1,c03-084a.png
368,1,1,0,2,2,6,c03-084b.png
369,1,1,0,2,2,1,c03-084c.png
370,2,1,0,2,2,6,c03-084d.png
371,2,1,0,1,2,1,c03-084e.png
372,2,0,2,1,2,1,c03-084f.png
373,1,1,2,2,1,1,c03-087a.png
374,1,1,0,2,1,1,c03-087b.png
375,1,1,0,2,2,1,c03-087c.png
376,1,1,0,1,1,6,c03-087d.png
377,1,1,0,1,2,1,c03-087e.png
378,2,0,2,1,2,1,c03-087f.png
379,2,1,2,1,1,1,c03-094a.png
380,0,1,0,1,1,1,c03-094b.png
381,0,1,2,1,1,1,c03-094c.png
382,1,1,0,1,2,6,c03-094d.png
383,1,1,0,1,2,1,c03-094e.png
384,0,1,2,1,1,6,c03-094f.png
385,0,1,2,2,1,1,c03-096a.png
386,2,1,0,2,2,1,c03-096b.png
387,2,1,2,2,1,1,c03-096c.png
388,2,1,2,2,1,1,c03-096d.png
389,2,0,1,1,2,1,c03-096e.png
390,2,1,2,1,0,1,c03-096f.png
391,0,0,1,0,2,6,c04-000.png
392,2,0,1,0,2,6,c04-004.png
393,0,0,1,2,2,6,c04-008.png
394,0,0,1,0,2,6,c04-013.png
395,2,0,1,2,2,6,c04-017.png
396,2,0,2,0,2,6,c04-023.png
397,2,0,1,2,2,6,c04-028.png
398,2,1,2,1,1,1,c04-035.png
399,1,0,2,2,2,6,c04-039.png
400,0,1,0,1,1,6,c04-044.png
401,2,0,2,2,1,6,c04-050.png
402,0,1,2,2,1,6,c04-056.png
403,2,0,1,0,2,6,c04-061.png
404,1,0,1,0,2,6,c04-066.png
405,2,0,1,2,2,6,c04-075.png
406,2,1,2,2,1,6,c04-080.png
407,2,0,1,0,2,6,c04-089.png
408,0,0,2,0,2,6,c04-098.png
409,1,1,2,2,1,6,c04-105.png
410,0,0,1,0,2,6,c04-110.png
411,0,0,1,0,2,6,c04-116.png
412,0,0,2,2,2,6,c04-122.png
413,0,1,2,2,1,6,c04-128.png
414,2,0,1,0,2,6,c04-134.png
415,2,0,1,2,2,6,c04-139.png
416,0,1,0,2,2,6,c04-144.png
417,1,1,0,2,1,6,c04-150.png
418,1,0,2,2,2,6,c04-156.png
419,0,1,0,1,2,6,c04-160.png
420,2,0,2,2,2,6,c04-165.png
421,0,0,1,0,2,6,c04-170.png
422,1,1,0,2,2,1,c06-000.png
423,2,1,0,1,2,6,c06-005.png
424,2,1,0,2,2,6,c06-011.png
425,2,1,0,1,2,6,c06-014.png
426,1,1,0,2,1,6,c06-020.png
427,2,0,1,0,2,6,c06-027.png
428,2,0,1,0,2,6,c06-031.png
429,2,1,2,0,1,6,c06-039.png
430,0,1,0,2,1,6,c06-043.png
431,2,1,0,1,2,1,c06-047.png
432,2,1,2,2,1,6,c06-052.png
433,2,0,2,0,2,6,c06-058.png
434,0,1,2,1,1,6,c06-076.png
435,0,1,0,1,1,6,c06-080.png
436,0,1,0,1,2,1,c06-083.png
437,1,1,0,2,0,1,c06-087.png
438,1,1,0,2,2,6,c06-091.png
439,2,0,1,0,2,6,c06-095.png
440,0,0,2,0,2,6,c06-100.png
441,2,1,0,1,2,6,c06-103.png
442,2,1,2,1,1,6,c06-106.png
443,1,1,2,2,1,1,c06-111.png
444,0,1,2,2,1,1,c06-116.png
445,2,0,1,2,2,6,c06-128.png
446,0,1,0,1,1,1,c06-138.png
447,1,0,2,0,2,6,d01-016.png
448,0,1,2,0,1,6,d01-019.png
449,0,0,2,2,1,6,d01-024.png
450,2,1,0,2,0,6,d01-049.png
451,1,1,0,2,2,6,d01-052.png
452,1,0,1,2,1,1,d01-056.png
453,0,1,2,1,1,1,d01-060.png
454,1,0,2,2,1,6,d01-080.png
455,1,0,1,2,2,1,d01-085.png
456,1,0,2,0,2,1,d01-098.png
457,2,0,2,0,2,1,d01-104.png
458,0,1,0,2,1,1,d01-118.png
459,1,1,2,2,1,1,d01-123.png
460,1,0,1,0,2,1,d03-112.png
461,2,0,1,1,2,1,d03-117.png
462,0,0,1,0,2,6,d04-005.png
463,1,0,1,0,2,6,d04-008.png
464,2,0,2,2,2,6,d04-012.png
465,2,0,1,0,0,6,d04-016.png
466,1,0,1,0,2,6,d04-021.png
467,1,0,1,0,2,6,d04-028.png
468,2,0,2,1,2,6,d04-032.png
469,1,1,2,2,0,6,d04-037.png
470,0,0,1,0,0,6,d04-047.png
471,0,0,2,0,2,1,d04-050.png
472,2,0,2,2,2,6,d04-053.png
473,2,0,1,0,2,6,d04-058.png
474,1,0,1,0,0,6,d04-062.png
475,2,1,2,1,1,6,d04-066.png
476,0,0,1,0,2,6,d04-071.png
477,1,1,2,1,1,6,d04-075.png
478,1,1,2,2,1,6,d04-081.png
479,1,0,2,0,2,6,d04-086.png
480,0,0,1,0,2,6,d04-089.png
481,2,0,1,0,2,6,d04-096.png
482,2,0,2,0,2,6,d04-101.png
483,1,1,2,1,1,6,d04-111.png
484,0,0,1,0,2,6,d04-117.png
485,1,0,1,0,2,6,d04-121.png
486,0,0,1,0,2,6,d04-125.png
487,2,1,2,2,1,6,d04-131.png
488,0,0,2,2,2,6,d05-008.png
489,0,1,2,2,1,6,d05-013.png
490,0,1,2,2,1,6,d05-021.png
491,0,0,2,2,2,6,d05-025.png
492,0,0,2,2,2,6,d05-030.png
493,0,1,0,2,2,6,d05-040.png
494,1,1,2,2,1,1,d06-000.png
495,0,0,2,2,1,6,d06-003.png
496,1,1,0,2,2,6,d06-008.png
497,2,1,0,1,2,6,d06-011.png
498,0,1,2,0,1,6,d06-015.png
499,2,1,0,2,0,6,d06-020.png
500,0,0,1,2,1,6,d06-025.png
501,0,0,2,2,1,6,d06-027.png
502,2,1,2,2,1,1,d06-030.png
503,1,1,2,2,1,6,d06-037.png
504,1,1,0,2,2,6,d06-041.png
505,2,1,0,1,2,1,d06-046.png
506,1,1,0,2,2,1,d06-050.png
507,1,0,2,2,2,6,d06-056.png
508,2,1,0,1,1,1,d06-060.png
509,2,1,0,1,1,1,d06-063.png
510,0,0,1,1,2,6,d06-067.png
511,2,1,2,1,0,6,d06-072.png
512,0,0,1,0,2,6,d06-076.png
513,0,1,2,0,1,1,d06-082.png
514,2,1,0,1,1,1,d06-086.png
515,2,0,2,2,2,1,d06-091.png
516,1,1,2,2,1,6,d06-096.png
517,1,1,0,2,0,1,d06-100.png
518,0,1,0,1,0,6,d06-104.png
519,0,0,2,1,2,1,d06-107.png
520,0,1,0,2,0,6,d06-111.png
521,2,1,0,2,2,1,d06-113.png
522,0,1,0,2,2,1,d07-082.png
523,1,1,0,2,0,1,d07-085.png
524,1,1,0,1,2,1,d07-089.png
525,0,1,0,1,2,1,d07-093.png
526,2,0,1,1,2,1,d07-096.png
527,1,1,0,2,2,1,d07-100.png
528,2,1,2,2,0,1,d07-102.png
529,0,1,2,0,1,1,e01-014.png
530,1,1,2,2,0,1,e01-018.png
531,2,1,0,2,0,1,e01-022.png
532,0,1,0,1,2,1,e01-025.png
533,2,0,1,2,2,1,e01-029.png
534,2,0,1,2,1,1,e01-032.png
535,1,0,2,2,2,1,e01-035.png
536,1,1,2,2,1,1,e01-050.png
537,1,1,0,1,1,1,e01-055.png
538,1,0,2,2,1,1,e01-059.png
539,0,1,2,0,0,1,e01-062.png
540,2,0,1,0,2,1,e01-081.png
541,2,1,2,2,0,1,e01-086.png
542,0,1,0,2,0,1,e01-092.png
543,2,1,0,2,2,1,e01-102.png
544,1,1,2,2,0,0,e01-107.png
545,2,0,2,2,1,1,e01-113.png
546,2,0,1,2,2,1,e01-119.png
547,0,1,0,2,0,1,e02-000.png
548,0,0,1,0,0,1,e02-014.png
549,2,1,2,2,0,1,e02-018.png
550,0,0,2,1,2,1,e02-021.png
551,1,0,2,2,2,1,e02-025.png
552,2,0,2,2,2,1,e02-074.png
553,1,1,2,1,1,1,e02-082.png
554,2,0,2,0,1,1,e02-086.png
555,0,1,2,0,1,0,e02-091.png
556,2,0,2,0,2,1,e02-094.png
557,0,1,2,0,0,1,e02-100.png
558,0,0,1,2,2,1,e02-117.png
559,2,0,1,0,2,1,e04-000.png
560,2,0,1,2,2,1,e04-004.png
561,1,0,1,0,2,1,e04-008.png
562,2,1,0,2,0,1,e04-011.png
563,0,1,2,2,0,1,e04-015.png
564,2,0,1,0,0,1,e04-019.png
565,2,0,1,0,2,1,e04-022.png
566,1,0,1,0,2,1,e04-026.png
567,1,0,2,0,2,1,e04-030.png
568,1,1,2,2,0,1,e04-034.png
569,2,0,2,2,1,1,e04-038.png
570,2,0,2,2,1,1,e04-043.png
571,2,1,2,2,0,1,e04-052.png
572,1,1,2,0,0,1,e04-058.png
573,2,1,2,2,0,1,e04-062.png
574,2,0,1,0,2,1,e04-068.png
575,2,0,1,0,0,1,e04-079.png
576,1,0,1,0,2,1,e04-083.png
577,2,1,2,0,0,1,e04-086.png
578,2,0,1,0,2,1,e04-091.png
579,0,0,2,2,2,1,e04-095.png
580,2,1,2,2,1,1,e04-099.png
581,2,1,0,2,0,1,e04-103.png
582,0,0,1,2,2,1,e04-109.png
583,0,0,2,2,2,1,e04-114.png
584,1,0,2,2,2,1,e04-119.png
585,1,1,2,2,0,1,e04-124.png
586,1,0,2,2,2,1,e04-127.png
587,1,1,0,0,2,1,e04-132.png
588,1,0,1,2,2,1,e06-000.png
589,0,1,0,1,2,1,e06-003.png
590,0,0,1,2,2,1,e06-006.png
591,2,1,0,2,0,1,e06-010.png
592,1,1,0,1,2,1,e06-015.png
593,1,1,2,1,0,1,e06-021.png
594,1,1,0,1,2,1,e06-026.png
595,0,1,0,1,2,1,e06-030.png
596,2,1,0,1,2,1,e06-033.png
597,0,0,1,2,2,1,e06-037.png
598,2,0,1,2,2,1,e06-041.png
599,0,0,2,2,1,1,e06-046.png
600,2,0,2,2,1,1,e06-049.png
601,1,1,0,1,2,1,e06-053.png
602,0,1,0,1,2,1,e06-070.png
603,2,0,2,0,2,1,e07-000.png
604,2,1,2,2,1,1,e07-003.png
605,1,1,2,2,0,1,e07-007.png
606,1,1,2,1,0,1,e07-012.png
607,1,1,2,1,0,1,e07-061.png
608,2,1,2,2,0,1,e07-066.png
609,1,1,2,1,0,1,e07-072.png
610,0,1,0,1,0,1,e07-076.png
611,0,0,2,1,2,1,e07-079.png
612,0,0,2,1,1,1,e07-083.png
613,1,1,0,1,2,1,e07-086.png
614,2,1,0,1,0,1,e07-090.png
615,0,1,2,2,0,1,e07-094.png
616,2,0,1,2,2,1,e07-098.png
617,2,1,0,2,0,1,e07-101.png
618,2,1,2,0,0,1,e07-105.png
619,2,1,2,2,0,1,e07-108.png
620,2,1,0,2,0,1,e07-112.png
621,2,0,2,0,1,1,f01-053.png
622,2,0,1,2,2,1,f01-058.png
623,2,1,0,1,2,1,f01-066.png
624,0,1,2,2,1,1,f01-070.png
625,0,1,2,2,0,1,f01-075.png
626,1,1,0,1,2,1,f01-081.png
627,2,0,2,2,2,1,f01-085.png
628,1,1,0,1,2,1,f01-135.png
629,0,0,2,2,2,1,f01-139.png
630,1,0,1,2,2,1,f01-143.png
631,2,1,2,2,1,1,f01-147.png
632,2,1,2,2,0,1,f02-000.png
633,0,0,1,0,2,1,f02-003.png
634,2,1,0,2,2,1,f02-017.png
635,0,0,2,2,2,1,f02-020.png
636,2,0,2,2,2,1,f02-030.png
637,2,0,2,1,2,1,f02-033.png
638,1,1,2,1,0,1,f02-036.png
639,0,0,1,2,2,1,f02-038.png
640,2,0,1,1,2,1,f02-040.png
641,1,1,2,1,0,1,f02-044.png
642,2,0,1,0,2,1,f02-076.png
643,1,1,2,2,0,1,f03-169.png
644,0,1,2,2,0,1,f03-174.png
645,1,0,1,2,2,1,f03-182.png
646,1,1,2,2,1,1,f03-191.png
647,2,1,0,1,2,1,f04-004.png
648,1,0,2,0,1,1,f04-007.png
649,0,1,0,1,2,1,f04-011.png
650,0,1,0,1,0,1,f04-016.png
651,0,1,2,2,0,1,f04-020.png
652,0,0,2,2,2,1,f04-024.png
653,0,1,0,1,2,1,f04-028.png
654,2,0,2,2,2,1,f04-032.png
655,1,0,1,0,2,1,f04-035.png
656,2,0,1,0,1,1,f04-039.png
657,0,0,1,0,2,1,f04-043.png
658,0,0,1,0,2,1,f04-046.png
659,0,0,1,0,2,1,f04-049.png
660,2,0,2,0,2,1,f04-053.png
661,1,0,2,2,2,1,f04-057.png
662,1,0,1,0,2,1,f04-061.png
663,1,0,2,2,2,1,f04-064.png
664,1,0,1,0,2,1,f04-068.png
665,0,0,1,2,2,1,f04-071.png
666,1,1,0,1,2,1,f04-074.png
667,0,1,0,1,2,1,f04-079.png
668,2,0,2,2,2,1,f04-083.png
669,2,0,2,0,1,1,f04-087.png
670,1,1,0,2,1,1,f04-093.png
671,0,1,2,1,0,1,f04-096.png
672,0,1,0,1,2,1,f04-100.png
673,0,0,2,0,2,1,f07-000.png
674,1,1,2,1,0,1,f07-000b.png
675,2,1,0,1,2,1,f07-002.png
676,1,1,0,1,2,1,f07-006.png
677,0,1,0,1,2,1,f07-009.png
678,1,1,0,1,0,1,f07-013.png
679,1,1,0,1,2,1,f07-016.png
680,2,1,2,2,1,1,f07-019a.png
681,2,1,0,1,0,1,f07-019b.png
682,2,0,2,2,0,1,f07-021a.png
683,1,1,0,1,2,1,f07-021b.png
684,2,0,2,2,0,1,f07-024a.png
685,0,0,2,1,0,1,f07-024b.png
686,2,0,2,2,2,1,f07-028a.png
687,1,1,0,1,2,1,f07-028b.png
688,2,1,2,2,0,1,f07-032a.png
689,2,1,0,1,2,1,f07-032b.png
690,0,1,0,2,0,1,f07-036.png
691,0,1,2,0,1,1,f07-039a.png
692,0,1,0,2,2,1,f07-039b.png
693,1,0,2,2,0,1,f07-042a.png
694,1,0,2,2,0,1,f07-042b.png
695,1,1,0,1,2,1,f07-046a.png
696,0,1,0,2,2,1,f07-046b.png
697,2,1,2,2,0,1,f07-069.png
698,2,1,2,2,0,1,f07-073.png
699,0,0,2,2,0,1,f07-076a.png
700,1,1,2,2,0,1,f07-081a.png
701,2,1,2,0,0,1,f07-081b.png
702,2,0,1,2,2,1,f07-084a.png
703,2,1,2,2,0,1,f07-084b.png
704,2,1,2,2,1,1,f07-088a.png
705,0,1,0,2,2,1,f07-088b.png
706,2,0,2,2,2,1,f07-092a.png
707,0,1,2,0,0,1,f07-092b.png
708,2,1,0,2,0,1,f07-096.png
709,2,1,2,0,0,1,f07-101a.png
710,0,1,2,2,0,1,f07-101b.png
711,2,1,2,2,1,6,g01-000.png
712,1,1,2,0,0,6,g01-004.png
713,0,0,2,2,2,6,g01-008.png
714,1,1,2,2,1,6,g01-012.png
715,2,1,2,2,1,6,g01-016.png
716,0,1,0,1,2,6,g01-019.png
717,1,0,1,0,2,6,g01-022.png
718,0,0,1,0,1,6,g01-025.png
719,2,0,1,0,2,6,g01-027.png
720,2,0,2,2,2,6,g01-031.png
721,0,0,1,0,2,6,g01-034.png
722,0,0,1,0,2,6,g01-037.png
723,0,1,2,1,1,6,g01-039.png
724,2,1,0,1,0,6,g01-043.png
725,2,1,2,1,1,6,g01-045.png
726,0,1,0,2,2,6,g01-067.png
727,0,1,2,2,1,6,g01-070.png
728,1,1,2,2,1,6,g01-074.png
729,0,1,0,1,2,6,g01-083.png
730,1,1,0,1,2,6,g01-088.png
731,2,0,2,2,2,1,g02-059.png
732,2,1,2,2,1,1,g02-062.png
733,2,0,2,1,2,1,g02-065.png
734,2,0,2,0,1,6,g02-073.png
735,0,1,0,2,2,6,g03-000.png
736,0,1,0,0,2,1,g03-004.png
737,1,1,0,1,2,6,g03-016.png
738,0,0,2,2,2,1,g03-032.png
739,1,1,0,1,2,6,g03-040.png
740,1,1,0,1,1,6,g03-043.png
741,0,1,0,1,1,6,g03-049.png
742,1,1,0,1,2,6,g03-052.png
743,2,0,1,0,0,6,g03-058.png
744,2,0,1,0,0,6,g03-064.png
745,0,1,2,2,1,6,g04-003.png
746,2,1,2,0,1,6,g04-007.png
747,2,0,1,2,2,6,g04-011.png
748,2,0,1,0,1,6,g04-014.png
749,2,1,2,2,1,6,g04-017.png
750,0,1,2,2,1,6,g04-022.png
751,1,1,0,2,2,6,g04-026.png
752,2,0,1,0,2,6,g04-032.png
753,2,0,2,2,1,6,g04-036.png
754,2,0,1,2,0,6,g04-039.png
755,2,0,1,0,0,6,g04-043.png
756,2,0,1,0,2,1,g04-048.png
757,0,0,2,2,1,6,g04-052.png
758,2,1,2,2,1,6,g04-055.png
759,2,0,1,0,2,6,g04-060.png
760,2,0,1,0,2,6,g04-063.png
761,0,1,2,1,1,6,g04-068.png
762,0,1,2,2,1,6,g04-072.png
763,2,0,1,0,2,6,g04-077.png
764,2,0,1,0,2,6,g04-081.png
765,2,0,1,2,2,6,g04-088.png
766,2,0,2,2,1,6,g04-092.png
767,2,1,2,2,1,6,g04-095.png
768,1,1,0,2,0,6,g04-098.png
769,2,0,1,0,2,6,g04-101.png
770,0,1,2,2,1,6,g04-104.png
771,2,0,1,0,0,6,g04-108.png
772,1,1,0,2,2,1,g05-087.png
773,2,0,2,2,2,6,g05-094.png
774,2,0,2,2,2,1,g05-098.png
775,0,1,2,1,1,1,g06-011a.png
776,2,1,0,1,2,1,g06-011b.png
777,0,0,1,2,2,1,g06-011c.png
778,2,1,0,2,1,1,g06-011e.png
779,0,0,1,0,2,1,g06-011f.png
780,2,1,0,2,2,1,g06-011g.png
781,2,1,2,2,0,1,g06-011h.png
782,2,0,2,2,2,1,g06-011i.png
783,2,1,2,1,1,1,g06-011j.png
784,2,1,0,1,2,1,g06-011k.png
785,1,1,2,2,0,1,g06-011l.png
786,1,1,0,1,2,1,g06-011m.png
787,1,1,2,2,0,1,g06-011n.png
788,1,1,0,1,2,1,g06-011o.png
789,2,1,2,2,0,1,g06-011p.png
790,0,1,2,2,0,1,g06-011r.png
791,2,0,2,2,2,1,g06-018a.png
792,0,1,0,1,2,1,g06-018b.png
793,2,0,1,0,2,1,g06-018c.png
794,0,0,1,2,2,1,g06-018d.png
795,0,1,2,2,1,1,g06-018e.png
796,0,0,2,0,1,1,g06-018f.png
797,2,1,0,2,0,1,g06-018g.png
798,2,0,2,2,2,1,g06-018h.png
799,0,0,2,0,2,1,g06-018i.png
800,0,1,0,2,0,1,g06-018j.png
801,2,1,2,2,1,1,g06-018k.png
802,0,0,2,0,2,1,g06-018l.png
803,2,1,2,2,0,1,g06-018m.png
804,1,1,2,2,0,1,g06-018n.png
805,2,1,0,1,2,1,g06-018o.png
806,2,0,2,2,2,1,g06-018p.png
807,2,0,2,2,2,1,g06-018r.png
808,1,1,0,0,0,1,g06-026a.png
809,1,1,0,2,2,1,g06-026b.png
810,0,0,2,0,2,1,g06-026c.png
811,0,1,0,0,2,1,g06-026d.png
812,0,1,2,0,0,1,g06-026e.png
813,0,0,1,0,2,1,g06-026f.png
814,2,1,0,0,0,1,g06-026g.png
815,2,1,2,0,0,1,g06-026h.png
816,2,0,2,0,2,1,g06-026i.png
817,2,1,0,2,0,1,g06-026j.png
818,2,1,2,2,1,1,g06-026k.png
819,2,0,1,0,2,1,g06-026l.png
820,2,1,0,2,0,1,g06-026m.png
821,2,1,0,2,2,1,g06-026n.png
822,0,1,0,2,2,1,g06-026o.png
823,1,1,0,0,0,1,g06-026p.png
824,0,1,2,0,0,1,g06-026r.png
825,0,1,2,2,0,1,g06-031a.png
826,1,1,0,1,0,1,g06-031b.png
827,2,0,1,0,2,1,g06-031c.png
828,0,1,2,2,0,1,g06-031d.png
829,2,1,2,2,0,1,g06-031e.png
830,0,0,2,0,2,1,g06-031f.png
831,2,1,2,2,0,1,g06-031g.png
832,0,0,2,2,2,1,g06-031h.png
833,0,0,1,0,2,1,g06-031i.png
834,2,1,0,1,2,1,g06-031j.png
835,2,1,2,2,1,1,g06-031k.png
836,2,0,1,0,2,1,g06-031l.png
837,2,0,1,2,2,1,g06-031m.png
838,2,1,0,1,2,1,g06-031n.png
839,0,1,0,1,2,1,g06-031o.png
840,2,1,2,2,0,1,g06-031p.png
841,2,0,2,0,1,1,g06-031r.png
842,2,1,2,1,0,1,g06-037b.png
843,0,0,1,2,2,1,g06-037c.png
844,0,1,0,1,0,1,g06-037d.png
845,0,1,2,2,0,1,g06-037e.png
846,0,0,2,2,1,1,g06-037f.png
847,2,0,2,2,1,1,g06-037g.png
848,2,0,2,1,2,1,g06-037h.png
849,2,0,1,2,2,1,g06-037i.png
850,0,1,2,1,1,1,g06-037j.png
851,2,1,2,1,1,1,g06-037k.png
852,1,0,1,2,2,1,g06-037l.png
853,2,1,0,1,0,1,g06-037m.png
854,2,1,2,1,0,1,g06-037n.png
855,0,1,0,1,2,1,g06-037o.png
856,2,0,2,2,2,1,g06-037p.png
857,2,0,2,2,2,1,g06-037r.png
858,1,1,2,0,0,1,g06-042a.png
859,2,1,2,2,0,1,g06-042b.png
860,2,0,1,0,2,1,g06-042c.png
861,0,0,2,0,1,1,g06-042d.png
862,0,0,2,0,2,1,g06-042e.png
863,0,0,1,0,2,1,g06-042f.png
864,2,1,2,0,0,1,g06-042g.png
865,1,0,1,0,2,1,g06-042h.png
866,0,0,1,0,2,1,g06-042i.png
867,0,1,0,0,0,1,g06-042j.png
868,2,1,0,2,2,1,g06-042k.png
869,2,0,1,0,2,1,g06-042l.png
870,1,0,1,0,2,1,g06-042m.png
871,0,1,0,2,0,1,g06-042n.png
872,2,1,0,2,2,1,g06-042o.png
873,2,0,2,0,2,1,g06-042p.png
874,0,0,1,0,2,1,g06-042r.png
875,0,1,2,2,0,1,g06-045a.png
876,0,1,0,2,0,1,g06-045b.png
877,0,0,1,0,2,1,g06-045c.png
878,0,0,2,2,2,1,g06-045d.png
879,2,0,2,2,2,1,g06-045e.png
880,0,0,2,0,2,1,g06-045f.png
881,2,0,1,0,2,1,g06-045g.png
882,2,0,2,0,2,1,g06-045h.png
883,0,0,1,0,2,1,g06-045i.png
884,2,0,2,2,1,1,g06-045j.png
885,2,1,2,2,0,1,g06-045k.png
886,0,0,1,0,2,1,g06-045l.png
887,2,0,2,2,1,1,g06-045m.png
888,0,1,0,2,0,1,g06-045n.png
889,2,1,2,2,0,1,g06-045o.png
890,0,0,1,2,2,1,g06-045p.png
891,0,0,1,0,2,1,g06-045r.png
892,2,0,2,2,2,1,g06-047a.png
893,2,1,2,2,1,1,g06-047b.png
894,2,0,2,0,2,1,g06-047c.png
895,0,0,2,0,2,1,g06-047d.png
896,0,1,2,2,0,1,g06-047e.png
897,2,0,2,0,2,1,g06-047f.png
898,0,1,2,0,0,1,g06-047g.png
899,2,0,2,0,2,1,g06-047h.png
900,2,0,1,0,2,1,g06-047i.png
901,0,0,2,2,2,1,g06-047j.png
902,2,1,2,2,1,1,g06-047k.png
903,2,0,2,0,2,1,g06-047l.png
904,2,1,0,2,0,1,g06-047m.png
905,2,0,2,2,2,1,g06-047n.png
906,1,1,0,1,2,1,g06-047o.png
907,2,1,2,2,0,1,g06-047p.png
908,2,1,2,0,0,1,g06-047r.png
909,1,1,0,2,2,1,g06-050a.png
910,2,1,0,2,2,1,g06-050b.png
911,1,1,2,0,0,1,g06-050c.png
912,2,1,0,2,2,1,g06-050d.png
913,0,1,0,2,2,1,g06-050e.png
914,0,1,0,0,2,1,g06-050f.png
915,2,1,0,2,0,1,g06-050g.png
916,1,0,2,2,2,1,g06-050h.png
917,2,0,2,0,2,1,g06-050i.png
918,1,1,2,2,1,1,g06-050j.png
919,2,1,0,1,0,1,g06-050k.png
920,0,0,1,2,2,1,g06-050l.png
921,2,1,0,1,2,1,g06-050m.png
922,2,1,0,1,2,1,g06-050n.png
923,0,1,0,1,2,1,g06-050o.png
924,2,1,2,2,1,1,g06-050p.png
925,0,1,2,0,0,1,g06-050r.png
926,0,0,1,0,2,1,g06-089.png
927,2,0,1,0,2,1,g06-093.png
928,2,0,1,0,2,1,g06-096.png
929,2,0,1,0,2,1,g06-101.png
930,2,0,2,0,2,1,g06-105.png
931,2,0,1,0,2,1,g06-109.png
932,2,0,1,0,2,1,g06-115.png
933,2,1,2,2,0,1,g07-000a.png
934,1,1,0,1,2,1,g07-000b.png
935,2,0,2,2,2,1,g07-003a.png
936,0,0,1,2,0,1,g07-003b.png
937,2,1,2,2,0,1,g07-007a.png
938,2,1,2,0,0,1,g07-007b.png
939,1,1,2,2,0,1,g07-010b.png
940,2,0,2,2,0,1,g07-014.png
941,2,1,2,0,0,1,g07-014b.png
942,1,1,2,1,0,1,g07-018a.png
943,0,1,0,2,0,1,g07-022a.png
944,0,1,0,2,2,1,g07-022b.png
945,0,1,0,2,2,1,g07-026a.png
946,2,1,0,1,2,1,g07-026b.png
947,0,0,2,2,0,1,g07-028a.png
948,2,1,2,2,1,1,g07-028b.png
949,2,1,2,2,0,1,g07-030.png
950,0,1,0,2,2,1,g07-034.png
951,1,1,2,1,0,1,g07-038.png
952,1,1,2,2,0,1,g07-042.png
953,2,1,2,1,0,1,g07-044.png
954,2,1,2,1,0,1,g07-047.png
955,1,1,0,2,0,1,g07-050.png
956,0,0,1,0,0,1,g07-065.png
957,2,0,1,0,2,1,g07-069a.png
958,1,1,2,1,1,1,g07-071a.png
959,2,1,2,1,0,1,g07-074a.png
960,1,1,0,2,1,1,g07-077a.png
961,0,1,0,1,2,1,g07-079a.png
962,0,0,1,0,2,1,g07-084.png
963,2,1,0,1,2,6,h01-000.png
964,1,1,2,0,1,6,h01-004.png
965,0,1,0,1,2,6,h01-007.png
966,1,0,2,2,1,6,h01-010.png
967,2,0,2,2,2,6,h01-014.png
968,0,1,2,2,1,6,h01-018.png
969,2,1,0,2,2,1,h01-024.png
970,2,1,0,1,2,6,h01-027.png
971,0,1,0,1,0,1,h01-030.png
972,2,0,2,2,1,6,h02-004.png
973,2,0,1,2,0,6,h02-008.png
974,0,1,2,2,1,6,h02-012.png
975,2,1,2,2,1,6,h02-017.png
976,1,0,1,1,1,1,h02-019.png
977,0,0,2,2,2,1,h02-022.png
978,1,0,1,0,2,6,h02-024.png
979,1,0,2,2,2,6,h02-028.png
980,2,0,2,2,2,1,h02-035.png
981,1,1,2,1,1,1,h02-037.png
982,1,1,0,1,2,6,h02-040.png
983,1,1,2,2,1,6,h02-043.png
984,2,0,2,0,2,6,h02-049.png
985,2,0,1,2,2,6,h04-000.png
986,1,0,1,2,2,6,h04-007.png
987,2,0,1,2,2,6,h04-021.png
988,0,1,2,2,1,6,h04-025.png
989,2,1,2,1,1,1,h04-028.png
990,1,0,2,2,1,6,h04-035.png
991,1,0,2,0,1,6,h04-049.png
992,2,0,1,2,2,6,h04-052.png
993,2,0,1,2,2,6,h04-055.png
994,2,0,2,2,2,6,h04-057.png
995,2,0,1,2,2,6,h04-061.png
996,1,0,2,0,2,6,h04-071.png
997,0,1,0,2,0,6,h04-074.png
998,0,0,1,0,0,6,h04-078.png
999,1,0,1,2,2,6,h04-082.png
1000,2,1,2,2,1,6,h05-012.png
1001,2,0,1,0,2,1,h06-000.png
1002,2,0,1,0,2,1,h06-003.png
1003,1,1,2,2,0,1,h06-079.png
1004,0,1,2,1,0,1,h06-082.png
1005,0,1,2,1,0,1,h06-085.png
1006,0,1,2,1,0,1,h06-089.png
1007,0,0,2,1,1,1,h06-092.png
1008,0,1,2,2,0,1,h06-096.png
1009,0,0,1,0,0,1,h07-000.png
1010,1,0,1,2,0,1,h07-003.png
1011,1,0,2,2,0,1,h07-007.png
1012,2,0,2,0,0,1,h07-011.png
1013,1,1,0,1,2,1,h07-013.png
1014,2,1,0,1,0,1,h07-017.png
1015,1,1,0,1,2,1,h07-020.png
1016,2,1,0,1,2,1,h07-023.png
1017,2,1,2,1,0,1,h07-025.png
1018,1,1,0,1,2,1,h07-025a.png
1019,0,0,2,2,0,1,h07-028.png
1020,1,1,0,2,1,1,h07-028a.png
1021,2,1,2,2,0,1,h07-030.png
1022,2,1,2,1,1,1,h07-030a.png
1023,2,1,0,2,0,1,h07-033.png
1024,2,1,0,1,0,1,h07-033a.png
1025,0,1,2,2,0,1,h07-037.png
1026,1,1,0,2,2,1,h07-037a.png
1027,1,0,2,2,0,0,h07-040.png
1028,1,1,0,1,0,1,h07-040b.png
1029,2,0,2,2,0,0,h07-044a.png
1030,2,1,0,2,1,1,h07-051b.png
1031,1,1,0,1,2,1,h07-054a.png
1032,1,1,0,2,0,1,h07-057a.png
1033,2,1,2,2,0,1,h07-060a.png
1034,2,1,0,1,2,1,h07-060b.png
1035,0,1,0,1,2,1,h07-063a.png
1036,2,1,0,1,2,1,h07-063b.png
1037,2,1,0,2,0,1,h07-066a.png
1038,1,1,0,1,2,1,h07-066b.png
1039,1,1,2,0,0,1,h07-069.png
1040,2,1,0,2,2,1,h07-069a.png
1041,1,1,0,2,0,1,h07-071.png
1042,1,1,0,1,2,1,h07-071a.png
1043,1,1,2,2,0,1,h07-075.png
1044,1,1,0,1,2,1,h07-075a.png
1045,2,1,2,2,0,0,h07-078.png
1046,1,1,0,1,2,1,h07-078a.png
1047,1,1,0,1,0,1,h07-080.png
1048,1,1,0,1,2,1,h07-080a.png
1049,1,1,0,1,2,1,h07-084.png
1050,2,1,2,0,0,1,h07-087.png
1051,1,0,2,2,0,1,j01-042.png
1052,2,0,1,2,2,1,j01-045.png
1053,0,0,1,0,0,1,j01-049.png
1054,0,0,1,0,2,1,j01-059.png
1055,2,0,2,2,1,1,j01-063.png
1056,0,1,2,1,1,1,j01-066.png
1057,2,0,1,0,1,1,j01-070.png
1058,1,1,2,1,1,1,j04-008.png
1059,0,0,1,0,0,1,j04-012.png
1060,0,1,2,2,1,1,j04-015.png
1061,0,0,2,2,2,1,j04-019.png
1062,2,0,2,2,1,1,j04-024.png
1063,0,0,1,2,2,1,j04-035.png
1064,2,0,1,2,2,1,j04-039.png
1065,2,0,1,2,2,1,j04-046.png
1066,1,0,1,0,2,1,j04-053.png
1067,0,0,1,0,2,1,j04-061.png
1068,1,0,1,0,2,1,j04-065.png
1069,2,1,2,1,0,1,j04-070.png
1070,2,0,2,2,2,1,j04-076.png
1071,2,0,1,0,2,1,j04-080.png
1072,0,0,1,0,0,1,j04-094.png
1073,0,0,2,2,1,1,j04-098.png
1074,0,0,1,0,2,1,j04-103.png
1075,0,0,1,2,2,1,j04-111.png
1076,0,0,1,0,2,1,j04-115.png
1077,2,1,2,1,1,1,j06-000.png
1078,0,0,2,2,2,1,j06-005.png
1079,0,1,2,1,1,1,j06-008.png
1080,2,1,0,1,1,1,j06-014.png
1081,0,1,2,1,1,1,j06-018.png
1082,0,0,2,1,2,1,j06-022.png
1083,0,0,2,1,2,1,j06-026.png
1084,1,0,1,2,1,1,j06-030.png
1085,0,0,2,1,2,1,j06-034.png
1086,1,1,2,1,1,1,j06-051.png
1087,1,1,2,2,1,1,j06-056.png
1088,0,1,2,2,0,1,j07-000.png
1089,1,1,0,1,2,1,j07-005.png
1090,1,1,2,0,0,1,j07-009.png
1091,1,1,2,2,0,1,j07-012.png
1092,1,1,2,2,0,1,j07-015.png
1093,2,0,1,0,2,6,k01-051.png
1094,0,1,2,0,1,6,k02-018.png
1095,2,1,0,2,2,6,k02-023.png
1096,2,0,1,0,2,6,k02-029.png
1097,0,0,2,0,1,6,k02-036.png
1098,2,1,2,0,1,6,k02-053.png
1099,1,1,0,2,2,6,k02-062.png
1100,2,0,1,2,1,6,k02-067.png
1101,0,1,2,0,1,6,k02-076.png
1102,2,1,2,0,1,6,k02-093.png
1103,2,1,2,2,1,6,k02-097.png
1104,0,0,1,0,2,6,k02-102.png
1105,0,0,1,0,2,6,k02-112.png
1106,2,0,2,2,2,6,k02-117.png
1107,0,0,2,2,2,1,k03-117.png
1108,2,0,1,0,2,1,k03-138.png
1109,2,0,1,2,2,1,k03-144.png
1110,2,1,2,2,1,6,k03-152.png
1111,0,0,2,0,1,6,k03-157.png
1112,2,0,1,0,2,6,k03-164.png
1113,2,0,2,0,1,1,k03-180.png
1114,2,0,2,0,2,6,k04-000.png
1115,1,1,2,2,1,6,k04-005.png
1116,2,1,2,1,1,6,k04-010.png
1117,1,1,2,2,0,6,k04-014.png
1118,1,0,1,2,2,6,k04-017.png
1119,0,0,2,2,2,6,k04-022.png
1120,0,0,1,0,2,6,k04-028.png
1121,0,0,2,2,2,6,k04-033.png
1122,1,1,0,2,0,1,k04-039.png
1123,1,1,2,0,1,6,k04-050.png
1124,0,0,2,2,1,6,k04-054.png
1125,0,1,2,2,1,6,k04-057.png
1126,0,0,1,2,2,1,k04-061.png
1127,2,0,1,0,2,6,k04-064.png
1128,1,0,2,2,2,1,k04-068.png
1129,0,0,2,0,1,6,k04-075.png
1130,1,1,0,1,2,6,k04-079.png
1131,0,0,1,0,2,6,k04-085.png
1132,1,0,1,2,2,1,k04-093.png
1133,2,0,1,0,2,6,k04-099.png
1134,2,0,2,2,2,1,k04-103.png
1135,0,0,1,2,2,6,k04-106.png
1136,2,1,2,1,0,1,k04-110.png
1137,2,1,2,2,1,1,k04-115.png
1138,1,1,2,2,1,1,k04-119.png
1139,2,0,2,2,1,6,k04-126.png
1140,0,0,1,1,1,1,k04-136.png
1141,2,1,0,2,2,1,k04-142.png
1142,2,1,2,0,1,6,k04-149.png
1143,0,1,2,2,1,6,k04-156.png
1144,2,0,2,2,2,6,k04-163.png
1145,0,0,2,2,0,0,k07-059a.png
1146,0,0,1,0,0,0,k07-063a.png
1147,2,0,2,0,0,0,k07-067a.png
1148,0,0,2,0,0,0,k07-077.png
1149,0,0,2,0,0,0,k07-085.png
1150,0,1,2,2,0,0,k07-122.png
1151,0,1,2,0,0,0,k07-125.png
1152,1,1,0,2,2,0,k07-134.png
1153,1,1,0,2,0,0,k07-141.png
1154,0,1,0,2,2,0,k07-146.png
1155,1,0,1,0,0,0,k07-152.png
1156,2,0,1,0,0,0,k07-158.png
1157,2,0,1,0,0,0,k07-166.png
1158,2,0,1,0,0,0,k07-176.png
1159,2,1,2,1,2,0,k07-185.png
1160,1,1,0,1,2,1,l01-000.png
1161,2,0,1,0,2,1,l01-007.png
1162,2,0,1,0,2,0,l01-016.png
1163,2,0,2,0,1,1,l01-023.png
1164,2,1,2,1,1,1,l01-030.png
1165,2,0,2,2,2,1,l01-050.png
1166,2,1,0,1,2,1,l01-065.png
1167,0,0,2,0,2,1,l01-082.png
1168,2,0,1,0,2,1,l01-095.png
1169,0,0,1,1,2,1,l01-105.png
1170,0,0,1,0,1,1,l01-111.png
1171,0,0,2,0,2,1,l01-119.png
1172,2,0,1,0,2,1,l01-129.png
1173,2,0,1,2,2,1,l01-133.png
1174,2,1,2,2,1,1,l01-143.png
1175,0,0,1,0,0,1,l01-157.png
1176,2,0,2,2,2,1,l01-173.png
1177,2,1,0,2,2,1,l01-179.png
1178,0,1,0,1,0,1,l01-187.png
1179,2,0,2,0,2,1,l01-195.png
1180,1,1,2,1,1,1,l01-199.png
1181,2,0,1,2,1,1,l03-000.png
1182,2,1,2,1,0,1,l03-004.png
1183,0,1,2,2,0,1,l03-008.png
1184,0,0,1,0,2,1,l04-000.png
1185,0,0,1,2,2,1,l04-005.png
1186,0,1,2,1,1,1,l04-012.png
1187,2,0,2,0,2,1,l04-020.png
1188,0,0,2,2,2,1,l04-026.png
1189,2,0,1,0,2,1,l04-034.png
1190,1,0,1,0,0,1,l04-043.png
1191,2,0,2,2,2,0,l04-052.png
1192,0,0,1,2,1,0,l04-062.png
1193,0,1,2,0,0,1,l04-066.png
1194,0,0,1,2,2,1,l04-071.png
1195,0,1,0,1,2,1,l04-082.png
1196,1,0,1,0,2,1,l04-087.png
1197,1,0,2,2,1,1,l04-093.png
1198,0,0,1,1,2,0,l04-098.png
1199,1,0,2,2,2,1,l04-102.png
1200,2,0,2,2,1,1,l04-106.png
1201,2,0,1,0,2,1,l04-113.png
1202,2,1,2,0,0,1,l04-118.png
1203,2,0,2,2,2,1,l04-124.png
1204,2,0,1,2,2,1,l04-130.png
1205,0,0,2,2,1,1,l04-136.png
1206,2,0,1,2,2,1,l04-141.png
1207,0,0,1,0,2,1,l04-147.png
1208,0,1,2,2,1,1,l04-153.png
1209,1,1,2,2,0,1,l04-159.png
1210,0,0,1,0,2,1,l04-163.png
1211,0,0,1,0,2,1,l04-170.png
1212,2,0,1,0,2,1,l04-174.png
1213,1,0,1,2,2,1,l04-179.png
1214,0,0,2,0,0,1,l07-052.png
1215,0,0,2,0,0,1,l07-065.png
1216,0,0,2,0,0,1,l07-074.png
1217,2,0,1,0,2,1,l07-080.png
1218,2,1,2,0,0,1,l07-085.png
1219,2,0,1,0,0,1,l07-103.png
1220,2,0,1,0,0,1,l07-111.png
1221,2,0,2,2,2,1,l07-118.png
1222,2,0,2,2,2,1,l07-131.png
1223,0,1,2,2,0,1,l07-135.png
1224,2,1,2,2,0,1,l07-138.png
1225,0,0,2,2,0,1,l07-172.png
1226,1,0,2,0,0,1,l07-176.png
1227,1,0,2,2,0,1,l07-181.png
1228,1,1,2,2,0,1,l07-187.png
1229,0,0,1,0,2,1,l07-190.png
1230,0,0,1,0,2,6,m01-000.png
1231,0,1,0,1,2,6,m01-012.png
1232,2,1,0,2,2,6,m01-017.png
1233,0,0,1,0,2,6,m01-022.png
1234,2,1,2,2,1,6,m01-026.png
1235,2,0,1,2,2,6,m01-032.png
1236,2,1,0,1,2,6,m01-038.png
1237,0,1,2,1,0,6,m01-049.png
1238,1,1,2,2,0,6,m01-060.png
1239,0,1,0,2,0,6,m01-079.png
1240,2,0,1,0,2,6,m01-084.png
1241,1,0,1,2,1,6,m01-090.png
1242,0,1,2,2,0,6,m01-095.png
1243,0,0,2,0,2,6,m01-100.png
1244,1,1,2,2,0,6,m01-104.png
1245,1,1,0,1,0,1,m01-110.png
1246,0,1,0,2,2,6,m01-115.png
1247,1,0,2,1,2,1,m01-121.png
1248,0,0,2,1,2,1,m01-125.png
1249,0,1,0,2,0,1,m01-131.png
1250,0,1,2,1,0,1,m01-136.png
1251,0,0,2,2,1,6,m01-149.png
1252,1,1,2,2,0,1,m01-160.png
1253,2,1,2,1,0,6,m02-048.png
1254,0,1,0,2,0,6,m02-052.png
1255,2,1,2,2,0,6,m02-055.png
1256,1,1,2,2,0,1,m02-059.png
1257,1,0,2,2,2,6,m02-066.png
1258,1,1,0,1,2,6,m02-069.png
1259,1,1,0,2,2,6,m02-072.png
1260,0,0,1,0,2,1,m02-075.png
1261,2,1,2,2,0,1,m02-080.png
1262,0,0,2,1,1,6,m02-083.png
1263,2,1,2,0,0,1,m02-087.png
1264,0,0,1,1,2,6,m02-090.png
1265,0,1,2,2,0,1,m02-095.png
1266,1,0,1,0,2,6,m02-102.png
1267,2,0,2,1,2,6,m02-106.png
1268,0,1,0,1,2,6,m02-109.png
1269,2,1,2,0,2,6,m02-112.png
1270,2,1,2,1,0,1,m03-006.png
1271,2,1,0,2,0,1,m03-013.png
1272,1,0,2,0,2,1,m03-020.png
1273,2,1,2,2,0,1,m03-033.png
1274,1,1,2,1,0,1,m03-062.png
1275,0,1,2,2,1,6,m03-095.png
1276,2,1,0,1,0,6,m03-110.png
1277,2,1,2,1,0,1,m03-114.png
1278,2,0,1,0,0,6,m03-118.png
1279,2,1,2,2,1,6,m04-000.png
1280,0,1,0,2,2,6,m04-007.png
1281,1,0,1,0,0,1,m04-012.png
1282,0,1,2,2,0,6,m04-019.png
1283,2,0,1,0,2,6,m04-024.png
1284,0,1,0,2,0,6,m04-030.png
1285,0,1,0,2,1,6,m04-038.png
1286,0,1,0,2,2,6,m04-043.png
1287,2,1,0,2,2,6,m04-061.png
1288,2,1,2,1,0,6,m04-072.png
1289,2,1,0,2,2,6,m04-078.png
1290,1,1,2,1,1,6,m04-081.png
1291,2,0,2,2,2,6,m04-093.png
1292,0,0,1,0,2,6,m04-100.png
1293,2,1,0,1,0,6,m04-107.png
1294,2,1,0,1,2,6,m04-113.png
1295,0,1,0,1,0,6,m04-123.png
1296,0,1,0,2,0,6,m04-131.png
1297,2,1,0,1,2,6,m04-138.png
1298,0,0,2,0,2,6,m04-145.png
1299,0,0,1,0,2,6,m04-152.png
1300,1,0,1,0,0,1,m04-164.png
1301,0,0,1,2,2,6,m04-180.png
1302,2,0,2,2,0,6,m04-190.png
1303,2,1,2,0,1,6,m04-200.png
1304,2,0,2,0,2,6,m04-209.png
1305,2,0,1,0,2,1,m04-216.png
1306,0,0,2,0,2,1,m04-222.png
1307,0,0,2,0,0,6,m04-231.png
1308,2,1,0,0,1,1,m04-238.png
1309,2,1,2,2,0,6,m04-246.png
1310,2,0,1,0,0,6,m04-251.png
1311,0,0,1,0,2,6,m06-019.png
1312,2,1,2,2,0,6,m06-031.png
1313,2,0,2,0,2,6,m06-042.png
1314,0,0,2,2,2,6,m06-048.png
1315,0,0,2,0,2,6,m06-056.png
1316,2,0,1,0,2,1,m06-067.png
1317,0,1,2,0,1,6,m06-076.png
1318,0,0,2,0,2,6,m06-083.png
1319,0,0,2,0,1,6,m06-091.png
1320,2,0,1,0,2,6,m06-098.png
1321,2,1,2,2,1,6,m06-106.png
1322,2,0,1,2,2,1,n01-000.png
1323,2,1,0,2,0,1,n01-004.png
1324,0,0,1,1,2,1,n01-009.png
1325,2,1,0,2,2,6,n01-020.png
1326,0,1,0,2,2,1,n01-031.png
1327,1,0,2,0,2,1,n01-036.png
1328,0,1,0,1,2,6,n01-045.png
1329,1,1,0,1,2,6,n01-052.png
1330,0,1,2,2,1,1,n01-057.png
1331,2,0,2,2,2,6,n02-000.png
1332,0,0,2,2,2,6,n02-004.png
1333,0,0,1,0,2,6,n02-009.png
1334,2,1,0,2,0,6,n02-016.png
1335,2,1,0,1,1,6,n02-028.png
1336,0,0,1,0,2,6,n02-033.png
1337,2,0,1,0,2,6,n02-037.png
1338,2,1,2,2,1,6,n02-040.png
1339,1,1,0,2,2,6,n02-045.png
1340,2,1,2,2,1,6,n02-049.png
1341,1,1,2,1,1,1,n02-054.png
1342,0,0,2,2,2,1,n02-062.png
1343,2,1,2,0,1,6,n02-082a.png
1344,1,0,1,0,1,6,n02-098.png
1345,0,1,0,2,0,6,n02-104.png
1346,0,1,0,2,0,6,n02-109.png
1347,2,1,0,1,2,6,n02-114.png
1348,1,1,0,2,2,6,n02-120.png
1349,1,1,0,2,2,6,n02-127.png
1350,1,0,2,2,2,6,n02-146.png
1351,2,1,2,1,1,6,n02-151.png
1352,2,0,1,0,2,6,n02-154.png
1353,2,1,0,1,2,6,n02-157.png
1354,2,1,2,0,1,6,n03-038.png
1355,0,1,0,2,2,6,n03-064.png
1356,0,0,1,2,2,6,n03-066.png
1357,2,0,1,0,2,6,n03-079.png
1358,0,1,0,1,1,6,n03-082.png
1359,2,0,2,2,2,1,n03-091.png
1360,1,0,1,2,2,6,n03-097.png
1361,2,1,0,1,0,6,n03-103.png
1362,1,1,0,1,2,1,n03-106.png
1363,1,1,0,2,2,6,n03-113.png
1364,2,1,2,1,1,1,n03-120.png
1365,1,1,2,2,1,6,n03-126.png
1366,0,1,2,0,1,6,n04-000.png
1367,2,1,2,0,0,6,n04-009.png
1368,0,1,2,2,0,6,n04-015.png
1369,2,1,2,2,0,1,n04-022.png
1370,1,1,2,2,1,6,n04-031.png
1371,0,1,2,2,1,6,n04-039.png
1372,0,1,0,1,2,1,n04-044.png
1373,0,1,0,1,2,6,n04-048.png
1374,1,1,0,1,2,1,n04-052.png
1375,2,1,0,2,2,6,n04-060.png
1376,0,1,0,2,1,6,n04-068.png
1377,1,1,0,2,2,6,n04-075.png
1378,0,0,1,2,1,1,n04-084.png
1379,0,1,2,2,1,6,n04-092.png
1380,0,0,1,2,2,6,n04-100.png
1381,0,1,2,2,1,6,n04-107.png
1382,1,1,0,2,0,6,n04-114.png
1383,2,1,0,2,1,6,n04-130.png
1384,1,1,0,1,2,1,n04-139.png
1385,2,1,0,1,0,6,n04-149.png
1386,2,1,0,1,0,6,n04-156.png
1387,0,1,2,1,1,6,n04-163.png
1388,2,1,2,2,1,1,n04-171.png
1389,0,1,0,2,1,6,n04-183.png
1390,0,1,0,2,0,6,n04-190.png
1391,1,1,2,2,1,6,n04-195.png
1392,2,1,2,1,1,1,n04-202.png
1393,2,1,2,2,1,6,n04-209.png
1394,2,1,2,2,1,6,n04-213.png
1395,1,0,2,2,1,6,n04-218.png
1396,0,0,1,0,2,0,n06-074.png
1397,0,0,2,0,2,0,n06-082.png
1398,2,0,1,2,2,0,n06-092.png
1399,2,0,2,2,2,0,n06-100.png
1400,2,0,1,0,2,0,n06-111.png
1401,0,0,2,0,2,0,n06-119.png
1402,2,0,1,2,2,0,n06-123.png
1403,0,0,1,0,2,0,n06-128.png
1404,1,0,1,2,2,0,n06-133.png
1405,2,0,1,0,2,0,n06-140.png
1406,2,0,1,0,0,0,n06-148.png
1407,2,0,1,0,0,0,n06-156.png
1408,0,0,1,0,2,0,n06-163.png
1409,0,0,1,0,2,0,n06-169.png
1410,0,0,1,0,2,0,n06-175.png
1411,0,0,1,0,2,0,n06-182.png
1412,2,0,1,0,2,0,n06-186.png
1413,0,0,1,0,2,0,n06-194.png
1414,2,0,1,0,2,0,n06-201.png
1415,2,0,2,1,1,1,p01-147.png
1416,0,0,1,2,2,1,p01-155.png
1417,0,1,2,0,0,1,p01-168.png
1418,0,0,2,2,1,1,p01-174.png
1419,0,1,0,2,2,1,p02-000.png
1420,2,1,0,1,0,1,p02-008.png
1421,1,1,2,2,0,1,p02-017.png
1422,0,1,2,1,1,1,p02-022.png
1423,0,1,2,0,1,1,p02-027.png
1424,0,1,2,2,0,1,p02-069.png
1425,0,1,2,2,0,1,p02-076.png
1426,0,0,2,2,2,1,p02-081.png
1427,1,0,2,2,2,1,p02-090.png
1428,0,1,2,0,1,1,p02-101.png
1429,2,1,2,2,0,1,p02-105.png
1430,2,0,1,1,2,1,p02-109.png
1431,0,0,2,2,2,1,p02-115.png
1432,2,1,0,2,0,1,p02-121.png
1433,0,1,0,2,0,1,p02-127.png
1434,0,0,2,2,2,1,p02-131.png
1435,0,0,2,0,2,1,p02-135.png
1436,2,0,1,0,2,1,p02-139.png
1437,1,1,0,2,0,1,p02-144.png
1438,2,0,1,2,2,1,p02-150.png
1439,0,0,1,0,2,1,p02-155.png
1440,0,0,1,2,2,1,p03-004.png
1441,2,0,1,0,0,1,p03-009.png
1442,2,0,2,2,2,1,p03-012.png
1443,0,0,2,0,1,1,p03-023.png
1444,0,1,0,2,0,1,p03-027.png
1445,0,1,2,1,1,1,p03-029.png
1446,1,0,1,0,2,1,p03-033.png
1447,0,1,2,1,1,1,p03-040.png
1448,1,1,0,1,0,1,p03-047.png
1449,1,1,2,2,0,1,p03-057.png
1450,0,0,1,0,2,1,p03-069.png
1451,2,1,2,2,0,1,p03-072.png
1452,2,0,2,0,2,1,p03-080.png
1453,2,0,2,1,1,1,p03-087.png
1454,0,1,0,1,0,1,p03-096.png
1455,1,1,2,2,0,1,p03-103.png
1456,1,0,2,1,0,1,p03-112.png
1457,1,1,0,2,2,1,p03-121.png
1458,2,1,0,2,0,1,p03-135.png
1459,0,1,0,2,2,1,p03-142.png
1460,1,1,2,2,1,1,p03-151.png
1461,2,0,2,0,2,1,p03-158.png
1462,0,1,0,2,2,1,p03-163.png
1463,0,0,1,2,2,1,p03-173.png
1464,1,1,2,1,0,1,p03-181.png
1465,2,1,2,2,0,1,p03-185.png
1466,1,0,1,0,2,1,p03-189.png
1467,0,1,0,1,2,1,p06-030.png
1468,2,1,0,1,2,1,p06-042.png
1469,2,1,0,1,2,1,p06-047.png
1470,2,1,0,1,2,1,p06-052.png
1471,0,1,2,1,0,1,p06-058.png
1472,0,1,0,1,1,1,p06-069.png
1473,0,1,0,1,1,1,p06-088.png
1474,0,1,0,1,0,1,p06-096.png
1475,2,1,0,1,2,1,p06-104.png
1476,0,0,1,2,2,1,p06-242.png
1477,1,0,1,0,2,1,p06-248.png
1478,2,1,2,2,1,6,r02-000.png
1479,2,1,2,0,1,1,r02-003.png
1480,2,0,1,0,2,6,r02-006.png
1481,0,1,2,2,1,6,r02-010.png
1482,1,1,0,1,2,1,r02-013.png
1483,0,1,0,2,1,6,r02-038.png
1484,1,0,2,2,2,1,r02-054.png
1485,2,1,0,1,1,6,r02-060.png
1486,1,1,0,1,2,1,r02-065.png
1487,0,0,2,0,2,6,r02-070.png
1488,2,1,2,0,1,6,r02-078.png
1489,0,1,2,2,1,1,r02-081.png
1490,2,1,2,1,1,6,r02-089.png
1491,2,1,2,2,1,6,r02-109.png
1492,2,0,2,0,2,1,r02-117.png
1493,0,0,1,0,2,1,r02-127.png
1494,0,0,1,0,1,1,r02-131.png
1495,1,1,0,2,2,1,r02-137.png
1496,1,1,0,2,1,6,r02-146.png
1497,0,0,1,1,2,6,r03-002.png
1498,2,0,2,2,2,1,r03-007.png
1499,1,1,2,1,1,6,r03-026.png
1500,2,0,1,0,2,6,r03-030.png
1501,0,0,2,1,2,6,r03-035.png
1502,0,1,2,2,1,6,r03-050.png
1503,2,1,0,1,0,6,r03-053.png
1504,2,1,2,1,1,6,r03-056.png
1505,2,0,1,2,2,6,r03-065.png
1506,0,1,0,1,2,6,r03-084.png
1507,0,0,1,0,1,6,r03-090.png
1508,2,0,1,0,0,6,r03-096.png
1509,2,1,2,1,1,6,r03-110.png
1510,2,0,1,0,2,6,r03-115.png
1511,0,1,0,0,0,0,r06-000.png
1512,0,0,2,2,2,0,r06-003.png
1513,2,1,2,2,0,0,r06-007.png
1514,0,1,2,0,1,0,r06-011.png
1515,0,0,2,0,2,0,r06-018.png
1516,0,0,2,2,1,0,r06-022.png
1517,1,1,0,2,2,0,r06-027.png
1518,1,1,2,2,1,0,r06-035.png
1519,1,0,1,2,2,0,r06-041.png
1520,2,1,2,1,0,0,r06-044.png
1521,0,0,2,0,2,0,r06-049.png
1522,0,1,0,2,0,0,r06-053.png
1523,0,0,2,2,1,0,r06-057.png
1524,0,0,1,2,2,0,r06-062.png
1525,0,1,0,2,0,0,r06-066.png
1526,2,1,2,2,0,0,r06-070.png
1527,0,0,2,2,2,0,r06-076.png
1528,2,0,2,2,1,0,r06-090.png
1529,0,1,2,2,0,0,r06-097.png
1530,0,0,2,2,2,0,r06-103.png
1531,0,0,1,2,2,0,r06-106.png
1532,2,1,2,2,1,0,r06-111.png
1533,1,0,2,2,2,0,r06-115.png
1534,2,0,2,1,2,0,r06-121.png
1535,1,1,2,2,0,0,r06-126.png
1536,2,0,1,2,2,0,r06-130.png
1537,2,0,2,2,2,0,r06-137.png
1538,0,1,2,0,2,0,r06-143.png
